<?xml version="1.0" encoding="UTF-8"?>
<beans xmlns="http://www.springframework.org/schema/beans"
	xmlns:int="http://www.springframework.org/schema/integration"
	xmlns:int-file="http://www.springframework.org/schema/integration/file"
	xmlns:int-mail="http://www.springframework.org/schema/integration/mail"
	xmlns:int-xml="http://www.springframework.org/schema/integration/xml"
	xmlns:xsi="http://www.w3.org/2001/XMLSchema-instance" xmlns:int-stream="http://www.springframework.org/schema/integration/stream"
	xsi:schemaLocation="
	http://www.springframework.org/schema/beans http://www.springframework.org/schema/beans/spring-beans.xsd
	http://www.springframework.org/schema/integration http://www.springframework.org/schema/integration/spring-integration.xsd
	http://www.springframework.org/schema/integration/stream http://www.springframework.org/schema/integration/stream/spring-integration-stream.xsd
	http://www.springframework.org/schema/integration/file http://www.springframework.org/schema/integration/file/spring-integration-file.xsd
	http://www.springframework.org/schema/integration/xml http://www.springframework.org/schema/integration/xml/spring-integration-xml.xsd">

	<!-- Adapter for reading files -->

	<int-file:inbound-channel-adapter id="producer-file-adapter"
		channel="inboundChannel" directory="file:c://inboundXML"
		prevent-duplicates="true">
		<int:poller fixed-rate="5000" />
	</int-file:inbound-channel-adapter>

	<int:channel id="inboundChannel" />

	<int-file:file-to-string-transformer
		id="file-2-string-transformer" input-channel="inboundChannel"
		output-channel="xml-inboundChannel" charset="UTF-8" />

	<int:channel id="xml-inboundChannel" />

	<int-xml:xpath-router id="orderTypeRouter"
		input-channel="xml-inboundChannel">
		<int-xml:xpath-expression expression="/shiporder/shipto/country" />
		<int-xml:mapping value="Norway" channel="norwayChannel" />
		<int-xml:mapping value="USA" channel="usaChannel" />
	</int-xml:xpath-router>

	<int:channel id="norwayChannel" />
	<int:channel id="usaChannel" />

	<int:recipient-list-router input-channel="norwayChannel">
		<int:recipient channel="norwayFileChannel" />
		<int:recipient channel="norwaySAChannel" />
	</int:recipient-list-router>

	<int:channel id="norwayFileChannel" />
	<int:channel id="norwaySAChannel" />

	<int-file:outbound-channel-adapter
		channel="norwayFileChannel" id="consumer-file-adapter1" directory="file:c://outboundNorway" />
	<int-file:outbound-channel-adapter
		channel="usaChannel" id="consumer-file-adapter2" directory="file:c://outboundUsa" />

	<int:service-activator id="printing-service-activator"
		input-channel="norwaySAChannel" ref="serviceActivator" />
	<bean id="serviceActivator" class="com.intertech.lab5.ExampleServiceActivator" />

</beans>

